table,field name,code/format,label,note
Accident,accident_index,,,unique value for each accident. The accident_index combines the accident_year and accident_ref_no to form a unique ID. It can be used to join to Vehicle and Casualty
Accident,accident_year,,,
Accident,accident_reference,,,"In year id used by the police to reference a collision. It is not unique outside of the year, use accident_index for linking to other years"
Accident,location_easting_osgr,,,Null if not known
Accident,location_northing_osgr,,,Null if not known
Accident,longitude,,,Null if not known
Accident,Latitude,,,Null if not known
Accident,police_force,1,Metropolitan Police,
Accident,police_force,3,Cumbria,
Accident,police_force,4,Lancashire,
Accident,police_force,5,Merseyside,
Accident,police_force,6,Greater Manchester,
Accident,police_force,7,Cheshire,
Accident,police_force,10,Northumbria,
Accident,police_force,11,Durham,
Accident,police_force,12,North Yorkshire,
Accident,police_force,13,West Yorkshire,
Accident,police_force,14,South Yorkshire,
Accident,police_force,16,Humberside,
Accident,police_force,17,Cleveland,
Accident,police_force,20,West Midlands,
Accident,police_force,21,Staffordshire,
Accident,police_force,22,West Mercia,
Accident,police_force,23,Warwickshire,
Accident,police_force,30,Derbyshire,
Accident,police_force,31,Nottinghamshire,
Accident,police_force,32,Lincolnshire,
Accident,police_force,33,Leicestershire,
Accident,police_force,34,Northamptonshire,
Accident,police_force,35,Cambridgeshire,
Accident,police_force,36,Norfolk,
Accident,police_force,37,Suffolk,
Accident,police_force,40,Bedfordshire,
Accident,police_force,41,Hertfordshire,
Accident,police_force,42,Essex,
Accident,police_force,43,Thames Valley,
Accident,police_force,44,Hampshire,
Accident,police_force,45,Surrey,
Accident,police_force,46,Kent,
Accident,police_force,47,Sussex,
Accident,police_force,48,City of London,
Accident,police_force,50,Devon and Cornwall,
Accident,police_force,52,Avon and Somerset,
Accident,police_force,53,Gloucestershire,
Accident,police_force,54,Wiltshire,
Accident,police_force,55,Dorset,
Accident,police_force,60,North Wales,
Accident,police_force,61,Gwent,
Accident,police_force,62,South Wales,
Accident,police_force,63,Dyfed-Powys,
Accident,police_force,91,Northern,category discontinued in 2019
Accident,police_force,92,Grampian,category discontinued in 2019
Accident,police_force,93,Tayside,category discontinued in 2019
Accident,police_force,94,Fife,category discontinued in 2019
Accident,police_force,95,Lothian and Borders,category discontinued in 2019
Accident,police_force,96,Central,category discontinued in 2019
Accident,police_force,97,Strathclyde,category discontinued in 2019
Accident,police_force,98,Dumfries and Galloway,category discontinued in 2019
Accident,police_force,99,Police Scotland,category introduced in 2019
Accident,accident_severity,1,Fatal,
Accident,accident_severity,2,Serious,
Accident,accident_severity,3,Slight,
Accident,number_of_vehicles,,,
Accident,number_of_casualties,,,
Accident,date,(DD/MM/YYYY),,
Accident,day_of_week,1,Sunday,
Accident,day_of_week,2,Monday,
Accident,day_of_week,3,Tuesday,
Accident,day_of_week,4,Wednesday,
Accident,day_of_week,5,Thursday,
Accident,day_of_week,6,Friday,
Accident,day_of_week,7,Saturday,
Accident,time,(HH:MM),,Null if not known
Accident,local_authority_district,1,Westminster,
Accident,local_authority_district,2,Camden,
Accident,local_authority_district,3,Islington,
Accident,local_authority_district,4,Hackney,
Accident,local_authority_district,5,Tower Hamlets,
Accident,local_authority_district,6,Greenwich,
Accident,local_authority_district,7,Lewisham,
Accident,local_authority_district,8,Southwark,
Accident,local_authority_district,9,Lambeth,
Accident,local_authority_district,10,Wandsworth,
Accident,local_authority_district,11,Hammersmith and Fulham,
Accident,local_authority_district,12,Kensington and Chelsea,
Accident,local_authority_district,13,Waltham Forest,
Accident,local_authority_district,14,Redbridge,
Accident,local_authority_district,15,Havering,
Accident,local_authority_district,16,Barking and Dagenham,
Accident,local_authority_district,17,Newham,
Accident,local_authority_district,18,Bexley,
Accident,local_authority_district,19,Bromley,
Accident,local_authority_district,20,Croydon,
Accident,local_authority_district,21,Sutton,
Accident,local_authority_district,22,Merton,
Accident,local_authority_district,23,Kingston upon Thames,
Accident,local_authority_district,24,Richmond upon Thames,
Accident,local_authority_district,25,Hounslow,
Accident,local_authority_district,26,Hillingdon,
Accident,local_authority_district,27,Ealing,
Accident,local_authority_district,28,Brent,
Accident,local_authority_district,29,Harrow,
Accident,local_authority_district,30,Barnet,
Accident,local_authority_district,31,Haringey,
Accident,local_authority_district,32,Enfield,
Accident,local_authority_district,33,Hertsmere,
Accident,local_authority_district,38,Epsom and Ewell,
Accident,local_authority_district,40,Spelthorne,
Accident,local_authority_district,57,London Airport (Heathrow),
Accident,local_authority_district,60,Allerdale,
Accident,local_authority_district,61,Barrow-in-Furness,
Accident,local_authority_district,62,Carlisle,
Accident,local_authority_district,63,Copeland,
Accident,local_authority_district,64,Eden,
Accident,local_authority_district,65,South Lakeland,
Accident,local_authority_district,70,Blackburn with Darwen,
Accident,local_authority_district,71,Blackpool,
Accident,local_authority_district,72,Burnley,
Accident,local_authority_district,73,Chorley,
Accident,local_authority_district,74,Fylde,
Accident,local_authority_district,75,Hyndburn,
Accident,local_authority_district,76,Lancaster,
Accident,local_authority_district,77,Pendle,
Accident,local_authority_district,79,Preston,
Accident,local_authority_district,80,Ribble Valley,
Accident,local_authority_district,82,Rossendale,
Accident,local_authority_district,83,South Ribble,
Accident,local_authority_district,84,West Lancashire,
Accident,local_authority_district,85,Wyre,
Accident,local_authority_district,90,Knowsley,
Accident,local_authority_district,91,Liverpool,
Accident,local_authority_district,92,St. Helens,
Accident,local_authority_district,93,Sefton,
Accident,local_authority_district,95,Wirral,
Accident,local_authority_district,100,Bolton,
Accident,local_authority_district,101,Bury,
Accident,local_authority_district,102,Manchester,
Accident,local_authority_district,104,Oldham,
Accident,local_authority_district,106,Rochdale,
Accident,local_authority_district,107,Salford,
Accident,local_authority_district,109,Stockport,
Accident,local_authority_district,110,Tameside,
Accident,local_authority_district,112,Trafford,
Accident,local_authority_district,114,Wigan,
Accident,local_authority_district,120,Chester,
Accident,local_authority_district,121,Congleton,
Accident,local_authority_district,122,Crewe and Nantwich,
Accident,local_authority_district,123,Ellesmere Port and Neston,
Accident,local_authority_district,124,Halton,
Accident,local_authority_district,126,Macclesfield,
Accident,local_authority_district,127,Vale Royal,
Accident,local_authority_district,128,Warrington,
Accident,local_authority_district,129,Cheshire East,
Accident,local_authority_district,130,Cheshire West and Chester,
Accident,local_authority_district,139,Northumberland,
Accident,local_authority_district,140,Alnwick,
Accident,local_authority_district,141,Berwick-upon-Tweed,
Accident,local_authority_district,142,Blyth Valley,
Accident,local_authority_district,143,Castle Morpeth,
Accident,local_authority_district,144,Tynedale,
Accident,local_authority_district,145,Wansbeck,
Accident,local_authority_district,146,Gateshead,
Accident,local_authority_district,147,Newcastle upon Tyne,
Accident,local_authority_district,148,North Tyneside,
Accident,local_authority_district,149,South Tyneside,
Accident,local_authority_district,150,Sunderland,
Accident,local_authority_district,160,Chester-le-Street,
Accident,local_authority_district,161,Darlington,
Accident,local_authority_district,162,Derwentside,
Accident,local_authority_district,163,Durham,
Accident,local_authority_district,164,Easington,
Accident,local_authority_district,165,Sedgefield,
Accident,local_authority_district,166,Teesdale,
Accident,local_authority_district,168,Wear Valley,
Accident,local_authority_district,169,County Durham,
Accident,local_authority_district,180,Craven,
Accident,local_authority_district,181,Hambleton,
Accident,local_authority_district,182,Harrogate,
Accident,local_authority_district,184,Richmondshire,
Accident,local_authority_district,185,Ryedale,
Accident,local_authority_district,186,Scarborough,
Accident,local_authority_district,187,Selby,
Accident,local_authority_district,189,York,
Accident,local_authority_district,200,Bradford,
Accident,local_authority_district,202,Calderdale,
Accident,local_authority_district,203,Kirklees,
Accident,local_authority_district,204,Leeds,
Accident,local_authority_district,206,Wakefield,
Accident,local_authority_district,210,Barnsley,
Accident,local_authority_district,211,Doncaster,
Accident,local_authority_district,213,Rotherham,
Accident,local_authority_district,215,Sheffield,
Accident,local_authority_district,228,"Kingston upon Hull, City of",
Accident,local_authority_district,231,East Riding of Yorkshire,
Accident,local_authority_district,232,North Lincolnshire,
Accident,local_authority_district,233,North East Lincolnshire,
Accident,local_authority_district,240,Hartlepool,
Accident,local_authority_district,241,Redcar and Cleveland,
Accident,local_authority_district,243,Middlesbrough,
Accident,local_authority_district,245,Stockton-on-Tees,
Accident,local_authority_district,250,Cannock Chase,
Accident,local_authority_district,251,East Staffordshire,
Accident,local_authority_district,252,Lichfield,
Accident,local_authority_district,253,Newcastle-under-Lyme,
Accident,local_authority_district,254,South Staffordshire,
Accident,local_authority_district,255,Stafford,
Accident,local_authority_district,256,Staffordshire Moorlands,
Accident,local_authority_district,257,Stoke-on-Trent,
Accident,local_authority_district,258,Tamworth,
Accident,local_authority_district,270,Bromsgrove,
Accident,local_authority_district,273,Malvern Hills,
Accident,local_authority_district,274,Redditch,
Accident,local_authority_district,276,Worcester,
Accident,local_authority_district,277,Wychavon,
Accident,local_authority_district,278,Wyre Forest,
Accident,local_authority_district,279,Bridgnorth,
Accident,local_authority_district,280,North Shropshire,
Accident,local_authority_district,281,Oswestry,
Accident,local_authority_district,282,Shrewsbury and Atcham,
Accident,local_authority_district,283,South Shropshire,
Accident,local_authority_district,284,Telford and Wrekin,
Accident,local_authority_district,285,"Herefordshire, County of ",
Accident,local_authority_district,286,Shropshire,
Accident,local_authority_district,290,North Warwickshire,
Accident,local_authority_district,291,Nuneaton and Bedworth,
Accident,local_authority_district,292,Rugby ,
Accident,local_authority_district,293,Stratford-upon-Avon,
Accident,local_authority_district,294,Warwick,
Accident,local_authority_district,300,Birmingham,
Accident,local_authority_district,302,Coventry,
Accident,local_authority_district,303,Dudley,
Accident,local_authority_district,305,Sandwell,
Accident,local_authority_district,306,Solihull,
Accident,local_authority_district,307,Walsall,
Accident,local_authority_district,309,Wolverhampton,
Accident,local_authority_district,320,Amber Valley,
Accident,local_authority_district,321,Bolsover,
Accident,local_authority_district,322,Chesterfield,
Accident,local_authority_district,323,Derby,
Accident,local_authority_district,324,Erewash,
Accident,local_authority_district,325,High Peak,
Accident,local_authority_district,327,North East Derbyshire,
Accident,local_authority_district,328,South Derbyshire,
Accident,local_authority_district,329,Derbyshire Dales,
Accident,local_authority_district,340,Ashfield,
Accident,local_authority_district,341,Bassetlaw,
Accident,local_authority_district,342,Broxtowe,
Accident,local_authority_district,343,Gedling,
Accident,local_authority_district,344,Mansfield,
Accident,local_authority_district,345,Newark and Sherwood,
Accident,local_authority_district,346,Nottingham,
Accident,local_authority_district,347,Rushcliffe,
Accident,local_authority_district,350,Boston,
Accident,local_authority_district,351,East Lindsey,
Accident,local_authority_district,352,Lincoln,
Accident,local_authority_district,353,North Kesteven,
Accident,local_authority_district,354,South Holland,
Accident,local_authority_district,355,South Kesteven,
Accident,local_authority_district,356,West Lindsey,
Accident,local_authority_district,360,Blaby,
Accident,local_authority_district,361,Hinckley and Bosworth,
Accident,local_authority_district,362,Charnwood,
Accident,local_authority_district,363,Harborough,
Accident,local_authority_district,364,Leicester,
Accident,local_authority_district,365,Melton,
Accident,local_authority_district,366,North West Leicestershire,
Accident,local_authority_district,367,Oadby and Wigston,
Accident,local_authority_district,368,Rutland,
Accident,local_authority_district,380,Corby,
Accident,local_authority_district,381,Daventry,
Accident,local_authority_district,382,East Northamptonshire,
Accident,local_authority_district,383,Kettering,
Accident,local_authority_district,384,Northampton,
Accident,local_authority_district,385,South Northamptonshire,
Accident,local_authority_district,386,Wellingborough,
Accident,local_authority_district,390,Cambridge,
Accident,local_authority_district,391,East Cambridgeshire,
Accident,local_authority_district,392,Fenland,
Accident,local_authority_district,393,Huntingdonshire,
Accident,local_authority_district,394,Peterborough,
Accident,local_authority_district,395,South Cambridgeshire,
Accident,local_authority_district,400,Breckland,
Accident,local_authority_district,401,Broadland,
Accident,local_authority_district,402,Great Yarmouth,
Accident,local_authority_district,404,Norwich,
Accident,local_authority_district,405,North Norfolk,
Accident,local_authority_district,406,South Norfolk,
Accident,local_authority_district,407,King's Lynn and West Norfolk,
Accident,local_authority_district,410,Babergh,
Accident,local_authority_district,411,Forest Heath,
Accident,local_authority_district,412,Ipswich,
Accident,local_authority_district,413,Mid Suffolk,
Accident,local_authority_district,414,St. Edmundsbury,
Accident,local_authority_district,415,Suffolk Coastal,
Accident,local_authority_district,416,Waveney,
Accident,local_authority_district,420,Bedford,
Accident,local_authority_district,421,Luton,
Accident,local_authority_district,422,Mid Bedfordshire,
Accident,local_authority_district,423,South Bedfordshire,
Accident,local_authority_district,424,Central Bedfordshire,
Accident,local_authority_district,430,Broxbourne,
Accident,local_authority_district,431,Dacorum,
Accident,local_authority_district,432,East Hertfordshire,
Accident,local_authority_district,433,North Hertfordshire,
Accident,local_authority_district,434,St. Albans,
Accident,local_authority_district,435,Stevenage,
Accident,local_authority_district,436,Three Rivers,
Accident,local_authority_district,437,Watford,
Accident,local_authority_district,438,Welwyn Hatfield,
Accident,local_authority_district,450,Basildon,
Accident,local_authority_district,451,Braintree,
Accident,local_authority_district,452,Brentwood,
Accident,local_authority_district,453,Castle Point,
Accident,local_authority_district,454,Chelmsford,
Accident,local_authority_district,455,Colchester,
Accident,local_authority_district,456,Epping Forest,
Accident,local_authority_district,457,Harlow,
Accident,local_authority_district,458,Maldon,
Accident,local_authority_district,459,Rochford,
Accident,local_authority_district,460,Southend-on-Sea,
Accident,local_authority_district,461,Tendring,
Accident,local_authority_district,462,Thurrock,
Accident,local_authority_district,463,Uttlesford,
Accident,local_authority_district,470,Bracknell Forest,
Accident,local_authority_district,471,West Berkshire,
Accident,local_authority_district,472,Reading,
Accident,local_authority_district,473,Slough,
Accident,local_authority_district,474,Windsor and Maidenhead,
Accident,local_authority_district,475,Wokingham,
Accident,local_authority_district,476,Aylesbury Vale,
Accident,local_authority_district,477,South Bucks,
Accident,local_authority_district,478,Chiltern,
Accident,local_authority_district,479,Milton Keynes,
Accident,local_authority_district,480,Wycombe,
Accident,local_authority_district,481,Cherwell,
Accident,local_authority_district,482,Oxford,
Accident,local_authority_district,483,Vale of White Horse,
Accident,local_authority_district,484,South Oxfordshire,
Accident,local_authority_district,485,West Oxfordshire,
Accident,local_authority_district,490,Basingstoke and Deane,
Accident,local_authority_district,491,Eastleigh,
Accident,local_authority_district,492,Fareham,
Accident,local_authority_district,493,Gosport,
Accident,local_authority_district,494,Hart,
Accident,local_authority_district,495,Havant,
Accident,local_authority_district,496,New Forest,
Accident,local_authority_district,497,East Hampshire,
Accident,local_authority_district,498,Portsmouth,
Accident,local_authority_district,499,Rushmoor,
Accident,local_authority_district,500,Southampton ,
Accident,local_authority_district,501,Test Valley,
Accident,local_authority_district,502,Winchester,
Accident,local_authority_district,505,Isle of Wight,
Accident,local_authority_district,510,Elmbridge,
Accident,local_authority_district,511,Guildford,
Accident,local_authority_district,512,Mole Valley,
Accident,local_authority_district,513,Reigate and Banstead,
Accident,local_authority_district,514,Runnymede,
Accident,local_authority_district,515,Surrey Heath,
Accident,local_authority_district,516,Tandridge,
Accident,local_authority_district,517,Waverley,
Accident,local_authority_district,518,Woking,
Accident,local_authority_district,530,Ashford,
Accident,local_authority_district,531,Canterbury,
Accident,local_authority_district,532,Dartford,
Accident,local_authority_district,533,Dover,
Accident,local_authority_district,535,Gravesham,
Accident,local_authority_district,536,Maidstone,
Accident,local_authority_district,538,Sevenoaks,
Accident,local_authority_district,539,Shepway,
Accident,local_authority_district,540,Swale,
Accident,local_authority_district,541,Thanet,
Accident,local_authority_district,542,Tonbridge and Malling,
Accident,local_authority_district,543,Tunbridge Wells,
Accident,local_authority_district,544,Medway,
Accident,local_authority_district,551,Eastbourne,
Accident,local_authority_district,552,Hastings,
Accident,local_authority_district,554,Lewes,
Accident,local_authority_district,555,Rother,
Accident,local_authority_district,556,Wealden,
Accident,local_authority_district,557,Adur,
Accident,local_authority_district,558,Arun,
Accident,local_authority_district,559,Chichester,
Accident,local_authority_district,560,Crawley,
Accident,local_authority_district,562,Horsham,
Accident,local_authority_district,563,Mid Sussex,
Accident,local_authority_district,564,Worthing,
Accident,local_authority_district,565,Brighton and Hove,
Accident,local_authority_district,570,City of London,
Accident,local_authority_district,580,East Devon,
Accident,local_authority_district,581,Exeter,
Accident,local_authority_district,582,North Devon,
Accident,local_authority_district,583,Plymouth,
Accident,local_authority_district,584,South Hams,
Accident,local_authority_district,585,Teignbridge,
Accident,local_authority_district,586,Mid Devon,
Accident,local_authority_district,587,Torbay,
Accident,local_authority_district,588,Torridge,
Accident,local_authority_district,589,West Devon,
Accident,local_authority_district,590,Caradon,
Accident,local_authority_district,591,Carrick,
Accident,local_authority_district,592,Kerrier,
Accident,local_authority_district,593,North Cornwall,
Accident,local_authority_district,594,Penwith,
Accident,local_authority_district,595,Restormel,
Accident,local_authority_district,596,Cornwall,
Accident,local_authority_district,601,"Bristol, City of",
Accident,local_authority_district,605,North Somerset,
Accident,local_authority_district,606,Mendip,
Accident,local_authority_district,607,Sedgemoor,
Accident,local_authority_district,608,Taunton Deane,
Accident,local_authority_district,609,West Somerset,
Accident,local_authority_district,610,South Somerset,
Accident,local_authority_district,611,Bath and North East Somerset,
Accident,local_authority_district,612,South Gloucestershire,
Accident,local_authority_district,620,Cheltenham,
Accident,local_authority_district,621,Cotswold,
Accident,local_authority_district,622,Forest of Dean,
Accident,local_authority_district,623,Gloucester,
Accident,local_authority_district,624,Stroud,
Accident,local_authority_district,625,Tewkesbury,
Accident,local_authority_district,630,Kennet,
Accident,local_authority_district,631,North Wiltshire,
Accident,local_authority_district,632,Salisbury,
Accident,local_authority_district,633,Swindon,
Accident,local_authority_district,634,West Wiltshire,
Accident,local_authority_district,635,Wiltshire,
Accident,local_authority_district,640,Bournemouth,
Accident,local_authority_district,641,Christchurch,
Accident,local_authority_district,642,North Dorset,
Accident,local_authority_district,643,Poole,
Accident,local_authority_district,644,Purbeck,
Accident,local_authority_district,645,West Dorset,
Accident,local_authority_district,646,Weymouth and Portland,
Accident,local_authority_district,647,East Dorset,
Accident,local_authority_district,720,Isle of Anglesey,
Accident,local_authority_district,721,Conwy,
Accident,local_authority_district,722,Gwynedd,
Accident,local_authority_district,723,Denbighshire,
Accident,local_authority_district,724,Flintshire,
Accident,local_authority_district,725,Wrexham,
Accident,local_authority_district,730,Blaenau Gwent,
Accident,local_authority_district,731,Caerphilly,
Accident,local_authority_district,732,Monmouthshire,
Accident,local_authority_district,733,Newport,
Accident,local_authority_district,734,Torfaen,
Accident,local_authority_district,740,Bridgend,
Accident,local_authority_district,741,Cardiff,
Accident,local_authority_district,742,Merthyr Tydfil,
Accident,local_authority_district,743,Neath Port Talbot,
Accident,local_authority_district,744,"Rhondda, Cynon, Taff",
Accident,local_authority_district,745,Swansea,
Accident,local_authority_district,746,The Vale of Glamorgan,
Accident,local_authority_district,750,Ceredigion,
Accident,local_authority_district,751,Carmarthenshire,
Accident,local_authority_district,752,Pembrokeshire,
Accident,local_authority_district,753,Powys,
Accident,local_authority_district,910,Aberdeen City,
Accident,local_authority_district,911,Aberdeenshire,
Accident,local_authority_district,912,Angus,
Accident,local_authority_district,913,Argyll and Bute,
Accident,local_authority_district,914,Scottish Borders,
Accident,local_authority_district,915,Clackmannanshire,
Accident,local_authority_district,916,West Dunbartonshire,
Accident,local_authority_district,917,Dumfries and Galloway,
Accident,local_authority_district,918,Dundee City,
Accident,local_authority_district,919,East Ayrshire,
Accident,local_authority_district,920,East Dunbartonshire,
Accident,local_authority_district,921,East Lothian,
Accident,local_authority_district,922,East Renfrewshire,
Accident,local_authority_district,923,"Edinburgh, City of",
Accident,local_authority_district,924,Falkirk,
Accident,local_authority_district,925,Fife,
Accident,local_authority_district,926,Glasgow City,
Accident,local_authority_district,927,Highland,
Accident,local_authority_district,928,Inverclyde,
Accident,local_authority_district,929,Midlothian,
Accident,local_authority_district,930,Moray,
Accident,local_authority_district,931,North Ayrshire,
Accident,local_authority_district,932,North Lanarkshire,
Accident,local_authority_district,933,Orkney Islands,
Accident,local_authority_district,934,Perth and Kinross,
Accident,local_authority_district,935,Renfrewshire,
Accident,local_authority_district,936,Shetland Islands,
Accident,local_authority_district,937,South Ayrshire,
Accident,local_authority_district,938,South Lanarkshire,
Accident,local_authority_district,939,Stirling,
Accident,local_authority_district,940,West Lothian,
Accident,local_authority_district,941,Western Isles,
Accident,local_authority_ons_district,E06000001,Hartlepool,
Accident,local_authority_ons_district,E06000002,Middlesbrough,
Accident,local_authority_ons_district,E06000003,Redcar and Cleveland,
Accident,local_authority_ons_district,E06000004,Stockton-on-Tees,
Accident,local_authority_ons_district,E06000005,Darlington,
Accident,local_authority_ons_district,E06000006,Halton,
Accident,local_authority_ons_district,E06000007,Warrington,
Accident,local_authority_ons_district,E06000008,Blackburn with Darwen,
Accident,local_authority_ons_district,E06000009,Blackpool,
Accident,local_authority_ons_district,E06000010,"Kingston upon Hull, City of",
Accident,local_authority_ons_district,E06000011,East Riding of Yorkshire,
Accident,local_authority_ons_district,E06000012,North East Lincolnshire,
Accident,local_authority_ons_district,E06000013,North Lincolnshire,
Accident,local_authority_ons_district,E06000014,York,
Accident,local_authority_ons_district,E06000015,Derby,
Accident,local_authority_ons_district,E06000016,Leicester,
Accident,local_authority_ons_district,E06000017,Rutland,
Accident,local_authority_ons_district,E06000018,Nottingham,
Accident,local_authority_ons_district,E06000019,"Herefordshire, County of ",
Accident,local_authority_ons_district,E06000020,Telford and Wrekin,
Accident,local_authority_ons_district,E06000021,Stoke-on-Trent,
Accident,local_authority_ons_district,E06000022,Bath and North East Somerset,
Accident,local_authority_ons_district,E06000023,"Bristol, City of",
Accident,local_authority_ons_district,E06000024,North Somerset,
Accident,local_authority_ons_district,E06000025,South Gloucestershire,
Accident,local_authority_ons_district,E06000026,Plymouth,
Accident,local_authority_ons_district,E06000027,Torbay,
Accident,local_authority_ons_district,E06000028,Bournemouth,
Accident,local_authority_ons_district,E06000029,Poole,
Accident,local_authority_ons_district,E06000030,Swindon,
Accident,local_authority_ons_district,E06000031,Peterborough,
Accident,local_authority_ons_district,E06000032,Luton,
Accident,local_authority_ons_district,E06000033,Southend-on-Sea,
Accident,local_authority_ons_district,E06000034,Thurrock,
Accident,local_authority_ons_district,E06000035,Medway,
Accident,local_authority_ons_district,E06000036,Bracknell Forest,
Accident,local_authority_ons_district,E06000037,West Berkshire,
Accident,local_authority_ons_district,E06000038,Reading,
Accident,local_authority_ons_district,E06000039,Slough,
Accident,local_authority_ons_district,E06000040,Windsor and Maidenhead,
Accident,local_authority_ons_district,E06000041,Wokingham,
Accident,local_authority_ons_district,E06000042,Milton Keynes,
Accident,local_authority_ons_district,E06000043,Brighton and Hove,
Accident,local_authority_ons_district,E06000044,Portsmouth,
Accident,local_authority_ons_district,E06000045,Southampton ,
Accident,local_authority_ons_district,E06000046,Isle of Wight,
Accident,local_authority_ons_district,E06000047,County Durham,
Accident,local_authority_ons_district,E06000048,Northumberland,
Accident,local_authority_ons_district,E06000049,Cheshire East,
Accident,local_authority_ons_district,E06000050,Cheshire West and Chester,
Accident,local_authority_ons_district,E06000051,Shropshire,
Accident,local_authority_ons_district,E06000052,Cornwall,
Accident,local_authority_ons_district,E06000053,Isles of Scilly,
Accident,local_authority_ons_district,E06000054,Wiltshire,
Accident,local_authority_ons_district,E06000055,Bedford,
Accident,local_authority_ons_district,E06000056,Central Bedfordshire,
Accident,local_authority_ons_district,E07000004,Aylesbury Vale,
Accident,local_authority_ons_district,E07000005,Chiltern,
Accident,local_authority_ons_district,E07000006,South Bucks,
Accident,local_authority_ons_district,E07000007,Wycombe,
Accident,local_authority_ons_district,E07000008,Cambridge,
Accident,local_authority_ons_district,E07000009,East Cambridgeshire,
Accident,local_authority_ons_district,E07000010,Fenland,
Accident,local_authority_ons_district,E07000011,Huntingdonshire,
Accident,local_authority_ons_district,E07000012,South Cambridgeshire,
Accident,local_authority_ons_district,E07000026,Allerdale,
Accident,local_authority_ons_district,E07000027,Barrow-in-Furness,
Accident,local_authority_ons_district,E07000028,Carlisle,
Accident,local_authority_ons_district,E07000029,Copeland,
Accident,local_authority_ons_district,E07000030,Eden,
Accident,local_authority_ons_district,E07000031,South Lakeland,
Accident,local_authority_ons_district,E07000032,Amber Valley,
Accident,local_authority_ons_district,E07000033,Bolsover,
Accident,local_authority_ons_district,E07000034,Chesterfield,
Accident,local_authority_ons_district,E07000035,Derbyshire Dales,
Accident,local_authority_ons_district,E07000036,Erewash,
Accident,local_authority_ons_district,E07000037,High Peak,
Accident,local_authority_ons_district,E07000038,North East Derbyshire,
Accident,local_authority_ons_district,E07000039,South Derbyshire,
Accident,local_authority_ons_district,E07000040,East Devon,
Accident,local_authority_ons_district,E07000041,Exeter,
Accident,local_authority_ons_district,E07000042,Mid Devon,
Accident,local_authority_ons_district,E07000043,North Devon,
Accident,local_authority_ons_district,E07000044,South Hams,
Accident,local_authority_ons_district,E07000045,Teignbridge,
Accident,local_authority_ons_district,E07000046,Torridge,
Accident,local_authority_ons_district,E07000047,West Devon,
Accident,local_authority_ons_district,E07000048,Christchurch,
Accident,local_authority_ons_district,E07000049,East Dorset,
Accident,local_authority_ons_district,E07000050,North Dorset,
Accident,local_authority_ons_district,E07000051,Purbeck,
Accident,local_authority_ons_district,E07000052,West Dorset,
Accident,local_authority_ons_district,E07000053,Weymouth and Portland,
Accident,local_authority_ons_district,E07000061,Eastbourne,
Accident,local_authority_ons_district,E07000062,Hastings,
Accident,local_authority_ons_district,E07000063,Lewes,
Accident,local_authority_ons_district,E07000064,Rother,
Accident,local_authority_ons_district,E07000065,Wealden,
Accident,local_authority_ons_district,E07000066,Basildon,
Accident,local_authority_ons_district,E07000067,Braintree,
Accident,local_authority_ons_district,E07000068,Brentwood,
Accident,local_authority_ons_district,E07000069,Castle Point,
Accident,local_authority_ons_district,E07000070,Chelmsford,
Accident,local_authority_ons_district,E07000071,Colchester,
Accident,local_authority_ons_district,E07000072,Epping Forest,
Accident,local_authority_ons_district,E07000073,Harlow,
Accident,local_authority_ons_district,E07000074,Maldon,
Accident,local_authority_ons_district,E07000075,Rochford,
Accident,local_authority_ons_district,E07000076,Tendring,
Accident,local_authority_ons_district,E07000077,Uttlesford,
Accident,local_authority_ons_district,E07000078,Cheltenham,
Accident,local_authority_ons_district,E07000079,Cotswold,
Accident,local_authority_ons_district,E07000080,Forest of Dean,
Accident,local_authority_ons_district,E07000081,Gloucester,
Accident,local_authority_ons_district,E07000082,Stroud,
Accident,local_authority_ons_district,E07000083,Tewkesbury,
Accident,local_authority_ons_district,E07000084,Basingstoke and Deane,
Accident,local_authority_ons_district,E07000085,East Hampshire,
Accident,local_authority_ons_district,E07000086,Eastleigh,
Accident,local_authority_ons_district,E07000087,Fareham,
Accident,local_authority_ons_district,E07000088,Gosport,
Accident,local_authority_ons_district,E07000089,Hart,
Accident,local_authority_ons_district,E07000090,Havant,
Accident,local_authority_ons_district,E07000091,New Forest,
Accident,local_authority_ons_district,E07000092,Rushmoor,
Accident,local_authority_ons_district,E07000093,Test Valley,
Accident,local_authority_ons_district,E07000094,Winchester,
Accident,local_authority_ons_district,E07000095,Broxbourne,
Accident,local_authority_ons_district,E07000096,Dacorum,
Accident,local_authority_ons_district,E07000097,East Hertfordshire,
Accident,local_authority_ons_district,E07000098,Hertsmere,
Accident,local_authority_ons_district,E07000099,North Hertfordshire,
Accident,local_authority_ons_district,E07000100,St Albans,
Accident,local_authority_ons_district,E07000101,Stevenage,
Accident,local_authority_ons_district,E07000102,Three Rivers,
Accident,local_authority_ons_district,E07000103,Watford,
Accident,local_authority_ons_district,E07000104,Welwyn Hatfield,
Accident,local_authority_ons_district,E07000105,Ashford,
Accident,local_authority_ons_district,E07000106,Canterbury,
Accident,local_authority_ons_district,E07000107,Dartford,
Accident,local_authority_ons_district,E07000108,Dover,
Accident,local_authority_ons_district,E07000109,Gravesham,
Accident,local_authority_ons_district,E07000110,Maidstone,
Accident,local_authority_ons_district,E07000111,Sevenoaks,
Accident,local_authority_ons_district,E07000112,Shepway,
Accident,local_authority_ons_district,E07000113,Swale,
Accident,local_authority_ons_district,E07000114,Thanet,
Accident,local_authority_ons_district,E07000115,Tonbridge and Malling,
Accident,local_authority_ons_district,E07000116,Tunbridge Wells,
Accident,local_authority_ons_district,E07000117,Burnley,
Accident,local_authority_ons_district,E07000118,Chorley,
Accident,local_authority_ons_district,E07000119,Fylde,
Accident,local_authority_ons_district,E07000120,Hyndburn,
Accident,local_authority_ons_district,E07000121,Lancaster,
Accident,local_authority_ons_district,E07000122,Pendle,
Accident,local_authority_ons_district,E07000123,Preston,
Accident,local_authority_ons_district,E07000124,Ribble Valley,
Accident,local_authority_ons_district,E07000125,Rossendale,
Accident,local_authority_ons_district,E07000126,South Ribble,
Accident,local_authority_ons_district,E07000127,West Lancashire,
Accident,local_authority_ons_district,E07000128,Wyre,
Accident,local_authority_ons_district,E07000129,Blaby,
Accident,local_authority_ons_district,E07000130,Charnwood,
Accident,local_authority_ons_district,E07000131,Harborough,
Accident,local_authority_ons_district,E07000132,Hinckley and Bosworth,
Accident,local_authority_ons_district,E07000133,Melton,
Accident,local_authority_ons_district,E07000134,North West Leicestershire,
Accident,local_authority_ons_district,E07000135,Oadby and Wigston,
Accident,local_authority_ons_district,E07000136,Boston,
Accident,local_authority_ons_district,E07000137,East Lindsey,
Accident,local_authority_ons_district,E07000138,Lincoln,
Accident,local_authority_ons_district,E07000139,North Kesteven,
Accident,local_authority_ons_district,E07000140,South Holland,
Accident,local_authority_ons_district,E07000141,South Kesteven,
Accident,local_authority_ons_district,E07000142,West Lindsey,
Accident,local_authority_ons_district,E07000143,Breckland,
Accident,local_authority_ons_district,E07000144,Broadland,
Accident,local_authority_ons_district,E07000145,Great Yarmouth,
Accident,local_authority_ons_district,E07000146,King's Lynn and West Norfolk,
Accident,local_authority_ons_district,E07000147,North Norfolk,
Accident,local_authority_ons_district,E07000148,Norwich,
Accident,local_authority_ons_district,E07000149,South Norfolk,
Accident,local_authority_ons_district,E07000150,Corby,
Accident,local_authority_ons_district,E07000151,Daventry,
Accident,local_authority_ons_district,E07000152,East Northamptonshire,
Accident,local_authority_ons_district,E07000153,Kettering,
Accident,local_authority_ons_district,E07000154,Northampton,
Accident,local_authority_ons_district,E07000155,South Northamptonshire,
Accident,local_authority_ons_district,E07000156,Wellingborough,
Accident,local_authority_ons_district,E07000163,Craven,
Accident,local_authority_ons_district,E07000164,Hambleton,
Accident,local_authority_ons_district,E07000165,Harrogate,
Accident,local_authority_ons_district,E07000166,Richmondshire,
Accident,local_authority_ons_district,E07000167,Ryedale,
Accident,local_authority_ons_district,E07000168,Scarborough,
Accident,local_authority_ons_district,E07000169,Selby,
Accident,local_authority_ons_district,E07000170,Ashfield,
Accident,local_authority_ons_district,E07000171,Bassetlaw,
Accident,local_authority_ons_district,E07000172,Broxtowe,
Accident,local_authority_ons_district,E07000173,Gedling,
Accident,local_authority_ons_district,E07000174,Mansfield,
Accident,local_authority_ons_district,E07000175,Newark and Sherwood,
Accident,local_authority_ons_district,E07000176,Rushcliffe,
Accident,local_authority_ons_district,E07000177,Cherwell,
Accident,local_authority_ons_district,E07000178,Oxford,
Accident,local_authority_ons_district,E07000179,South Oxfordshire,
Accident,local_authority_ons_district,E07000180,Vale of White Horse,
Accident,local_authority_ons_district,E07000181,West Oxfordshire,
Accident,local_authority_ons_district,E07000187,Mendip,
Accident,local_authority_ons_district,E07000188,Sedgemoor,
Accident,local_authority_ons_district,E07000189,South Somerset,
Accident,local_authority_ons_district,E07000190,Taunton Deane,
Accident,local_authority_ons_district,E07000191,West Somerset,
Accident,local_authority_ons_district,E07000192,Cannock Chase,
Accident,local_authority_ons_district,E07000193,East Staffordshire,
Accident,local_authority_ons_district,E07000194,Lichfield,
Accident,local_authority_ons_district,E07000195,Newcastle-under-Lyme,
Accident,local_authority_ons_district,E07000196,South Staffordshire,
Accident,local_authority_ons_district,E07000197,Stafford,
Accident,local_authority_ons_district,E07000198,Staffordshire Moorlands,
Accident,local_authority_ons_district,E07000199,Tamworth,
Accident,local_authority_ons_district,E07000200,Babergh,
Accident,local_authority_ons_district,E07000201,Forest Heath,
Accident,local_authority_ons_district,E07000202,Ipswich,
Accident,local_authority_ons_district,E07000203,Mid Suffolk,
Accident,local_authority_ons_district,E07000204,St Edmundsbury,
Accident,local_authority_ons_district,E07000205,Suffolk Coastal,
Accident,local_authority_ons_district,E07000206,Waveney,
Accident,local_authority_ons_district,E07000207,Elmbridge,
Accident,local_authority_ons_district,E07000208,Epsom and Ewell,
Accident,local_authority_ons_district,E07000209,Guildford,
Accident,local_authority_ons_district,E07000210,Mole Valley,
Accident,local_authority_ons_district,E07000211,Reigate and Banstead,
Accident,local_authority_ons_district,E07000212,Runnymede,
Accident,local_authority_ons_district,E07000213,Spelthorne,
Accident,local_authority_ons_district,E07000214,Surrey Heath,
Accident,local_authority_ons_district,E07000215,Tandridge,
Accident,local_authority_ons_district,E07000216,Waverley,
Accident,local_authority_ons_district,E07000217,Woking,
Accident,local_authority_ons_district,E07000218,North Warwickshire,
Accident,local_authority_ons_district,E07000219,Nuneaton and Bedworth,
Accident,local_authority_ons_district,E07000220,Rugby ,
Accident,local_authority_ons_district,E07000221,Stratford-on-Avon,
Accident,local_authority_ons_district,E07000222,Warwick,
Accident,local_authority_ons_district,E07000223,Adur,
Accident,local_authority_ons_district,E07000224,Arun,
Accident,local_authority_ons_district,E07000225,Chichester,
Accident,local_authority_ons_district,E07000226,Crawley,
Accident,local_authority_ons_district,E07000227,Horsham,
Accident,local_authority_ons_district,E07000228,Mid Sussex,
Accident,local_authority_ons_district,E07000229,Worthing,
Accident,local_authority_ons_district,E07000234,Bromsgrove,
Accident,local_authority_ons_district,E07000235,Malvern Hills,
Accident,local_authority_ons_district,E07000236,Redditch,
Accident,local_authority_ons_district,E07000237,Worcester,
Accident,local_authority_ons_district,E07000238,Wychavon,
Accident,local_authority_ons_district,E07000239,Wyre Forest,
Accident,local_authority_ons_district,E07000240,St Albans,
Accident,local_authority_ons_district,E07000241,Welwyn Hatfield,
Accident,local_authority_ons_district,E07000242,East Hertfordshire,
Accident,local_authority_ons_district,E07000243,Stevenage,
Accident,local_authority_ons_district,E07000244,East Suffolk,
Accident,local_authority_ons_district,E07000245,West Suffolk,
Accident,local_authority_ons_district,E08000001,Bolton,
Accident,local_authority_ons_district,E08000002,Bury,
Accident,local_authority_ons_district,E08000003,Manchester,
Accident,local_authority_ons_district,E08000004,Oldham,
Accident,local_authority_ons_district,E08000005,Rochdale,
Accident,local_authority_ons_district,E08000006,Salford,
Accident,local_authority_ons_district,E08000007,Stockport,
Accident,local_authority_ons_district,E08000008,Tameside,
Accident,local_authority_ons_district,E08000009,Trafford,
Accident,local_authority_ons_district,E08000010,Wigan,
Accident,local_authority_ons_district,E08000011,Knowsley,
Accident,local_authority_ons_district,E08000012,Liverpool,
Accident,local_authority_ons_district,E08000013,St. Helens,
Accident,local_authority_ons_district,E08000014,Sefton,
Accident,local_authority_ons_district,E08000015,Wirral,
Accident,local_authority_ons_district,E08000016,Barnsley,
Accident,local_authority_ons_district,E08000017,Doncaster,
Accident,local_authority_ons_district,E08000018,Rotherham,
Accident,local_authority_ons_district,E08000019,Sheffield,
Accident,local_authority_ons_district,E08000020,Gateshead,
Accident,local_authority_ons_district,E08000021,Newcastle upon Tyne,
Accident,local_authority_ons_district,E08000022,North Tyneside,
Accident,local_authority_ons_district,E08000023,South Tyneside,
Accident,local_authority_ons_district,E08000024,Sunderland,
Accident,local_authority_ons_district,E08000025,Birmingham,
Accident,local_authority_ons_district,E08000026,Coventry,
Accident,local_authority_ons_district,E08000027,Dudley,
Accident,local_authority_ons_district,E08000028,Sandwell,
Accident,local_authority_ons_district,E08000029,Solihull,
Accident,local_authority_ons_district,E08000030,Walsall,
Accident,local_authority_ons_district,E08000031,Wolverhampton,
Accident,local_authority_ons_district,E08000032,Bradford,
Accident,local_authority_ons_district,E08000033,Calderdale,
Accident,local_authority_ons_district,E08000034,Kirklees,
Accident,local_authority_ons_district,E08000035,Leeds,
Accident,local_authority_ons_district,E08000036,Wakefield,
Accident,local_authority_ons_district,E09000001,City of London,
Accident,local_authority_ons_district,E09000001,City of London,
Accident,local_authority_ons_district,E09000002,Barking and Dagenham,
Accident,local_authority_ons_district,E09000003,Barnet,
Accident,local_authority_ons_district,E09000004,Bexley,
Accident,local_authority_ons_district,E09000005,Brent,
Accident,local_authority_ons_district,E09000006,Bromley,
Accident,local_authority_ons_district,E09000007,Camden,
Accident,local_authority_ons_district,E09000008,Croydon,
Accident,local_authority_ons_district,E09000009,Ealing,
Accident,local_authority_ons_district,E09000010,Enfield,
Accident,local_authority_ons_district,E09000011,Greenwich,
Accident,local_authority_ons_district,E09000012,Hackney,
Accident,local_authority_ons_district,E09000013,Hammersmith and Fulham,
Accident,local_authority_ons_district,E09000014,Haringey,
Accident,local_authority_ons_district,E09000015,Harrow,
Accident,local_authority_ons_district,E09000016,Havering,
Accident,local_authority_ons_district,E09000017,Hillingdon,
Accident,local_authority_ons_district,E09000018,Hounslow,
Accident,local_authority_ons_district,E09000019,Islington,
Accident,local_authority_ons_district,E09000020,Kensington and Chelsea,
Accident,local_authority_ons_district,E09000021,Kingston upon Thames,
Accident,local_authority_ons_district,E09000022,Lambeth,
Accident,local_authority_ons_district,E09000023,Lewisham,
Accident,local_authority_ons_district,E09000024,Merton,
Accident,local_authority_ons_district,E09000025,Newham,
Accident,local_authority_ons_district,E09000026,Redbridge,
Accident,local_authority_ons_district,E09000027,Richmond upon Thames,
Accident,local_authority_ons_district,E09000028,Southwark,
Accident,local_authority_ons_district,E09000029,Sutton,
Accident,local_authority_ons_district,E09000030,Tower Hamlets,
Accident,local_authority_ons_district,E09000031,Waltham Forest,
Accident,local_authority_ons_district,E09000032,Wandsworth,
Accident,local_authority_ons_district,E09000033,Westminster,
Accident,local_authority_ons_district,EHEATHROW,London Airport (Heathrow),
Accident,local_authority_ons_district,S12000005,Clackmannanshire,
Accident,local_authority_ons_district,S12000005,Clackmannanshire,
Accident,local_authority_ons_district,S12000006,Dumfries and Galloway,
Accident,local_authority_ons_district,S12000006,Dumfries and Galloway,
Accident,local_authority_ons_district,S12000008,East Ayrshire,
Accident,local_authority_ons_district,S12000008,East Ayrshire,
Accident,local_authority_ons_district,S12000009,East Dunbartonshire,
Accident,local_authority_ons_district,S12000009,East Dunbartonshire,
Accident,local_authority_ons_district,S12000010,East Lothian,
Accident,local_authority_ons_district,S12000010,East Lothian,
Accident,local_authority_ons_district,S12000011,East Renfrewshire,
Accident,local_authority_ons_district,S12000011,East Renfrewshire,
Accident,local_authority_ons_district,S12000013,Comhairle nan Eilean Siar,
Accident,local_authority_ons_district,S12000013,Comhairle nan Eilean Siar,
Accident,local_authority_ons_district,S12000014,Falkirk,
Accident,local_authority_ons_district,S12000014,Falkirk,
Accident,local_authority_ons_district,S12000015,Fife,
Accident,local_authority_ons_district,S12000015,Fife,
Accident,local_authority_ons_district,S12000017,Highland,
Accident,local_authority_ons_district,S12000017,Highland,
Accident,local_authority_ons_district,S12000018,Inverclyde,
Accident,local_authority_ons_district,S12000018,Inverclyde,
Accident,local_authority_ons_district,S12000019,Midlothian,
Accident,local_authority_ons_district,S12000019,Midlothian,
Accident,local_authority_ons_district,S12000020,Moray,
Accident,local_authority_ons_district,S12000020,Moray,
Accident,local_authority_ons_district,S12000021,North Ayrshire,
Accident,local_authority_ons_district,S12000021,North Ayrshire,
Accident,local_authority_ons_district,S12000023,Orkney Islands,
Accident,local_authority_ons_district,S12000023,Orkney Islands,
Accident,local_authority_ons_district,S12000024,Perth and Kinross,
Accident,local_authority_ons_district,S12000024,Perth and Kinross,
Accident,local_authority_ons_district,S12000026,Scottish Borders,
Accident,local_authority_ons_district,S12000026,Scottish Borders,
Accident,local_authority_ons_district,S12000027,Shetland Islands,
Accident,local_authority_ons_district,S12000027,Shetland Islands,
Accident,local_authority_ons_district,S12000028,South Ayrshire,
Accident,local_authority_ons_district,S12000028,South Ayrshire,
Accident,local_authority_ons_district,S12000029,South Lanarkshire,
Accident,local_authority_ons_district,S12000029,South Lanarkshire,
Accident,local_authority_ons_district,S12000030,Stirling,
Accident,local_authority_ons_district,S12000030,Stirling,
Accident,local_authority_ons_district,S12000033,Aberdeen City,
Accident,local_authority_ons_district,S12000033,Aberdeen City,
Accident,local_authority_ons_district,S12000034,Aberdeenshire,
Accident,local_authority_ons_district,S12000034,Aberdeenshire,
Accident,local_authority_ons_district,S12000035,Argyll and Bute,
Accident,local_authority_ons_district,S12000035,Argyll and Bute,
Accident,local_authority_ons_district,S12000036,City of Edinburgh,
Accident,local_authority_ons_district,S12000036,City of Edinburgh,
Accident,local_authority_ons_district,S12000038,Renfrewshire,
Accident,local_authority_ons_district,S12000038,Renfrewshire,
Accident,local_authority_ons_district,S12000039,West Dunbartonshire,
Accident,local_authority_ons_district,S12000039,West Dunbartonshire,
Accident,local_authority_ons_district,S12000040,West Lothian,
Accident,local_authority_ons_district,S12000040,West Lothian,
Accident,local_authority_ons_district,S12000041,Angus,
Accident,local_authority_ons_district,S12000041,Angus,
Accident,local_authority_ons_district,S12000042,Dundee City,
Accident,local_authority_ons_district,S12000042,Dundee City,
Accident,local_authority_ons_district,S12000043,Glasgow City,
Accident,local_authority_ons_district,S12000043,Glasgow City,
Accident,local_authority_ons_district,S12000044,North Lanarkshire,
Accident,local_authority_ons_district,S12000044,North Lanarkshire,
Accident,local_authority_ons_district,S12000045,East Dunbartonshire,
Accident,local_authority_ons_district,S12000046,Glasgow City,
Accident,local_authority_ons_district,W06000001,Isle of Anglesey,
Accident,local_authority_ons_district,W06000002,Gwynedd,
Accident,local_authority_ons_district,W06000003,Conwy,
Accident,local_authority_ons_district,W06000004,Denbighshire,
Accident,local_authority_ons_district,W06000005,Flintshire,
Accident,local_authority_ons_district,W06000006,Wrexham,
Accident,local_authority_ons_district,W06000008,Ceredigion,
Accident,local_authority_ons_district,W06000009,Pembrokeshire,
Accident,local_authority_ons_district,W06000010,Carmarthenshire,
Accident,local_authority_ons_district,W06000011,Swansea,
Accident,local_authority_ons_district,W06000012,Neath Port Talbot,
Accident,local_authority_ons_district,W06000013,Bridgend,
Accident,local_authority_ons_district,W06000014,Vale of Glamorgan,
Accident,local_authority_ons_district,W06000015,Cardiff,
Accident,local_authority_ons_district,W06000016,Rhondda Cynon Taf,
Accident,local_authority_ons_district,W06000018,Caerphilly,
Accident,local_authority_ons_district,W06000019,Blaenau Gwent,
Accident,local_authority_ons_district,W06000020,Torfaen,
Accident,local_authority_ons_district,W06000021,Monmouthshire,
Accident,local_authority_ons_district,W06000022,Newport,
Accident,local_authority_ons_district,W06000023,Powys,
Accident,local_authority_ons_district,W06000024,Merthyr Tydfil,
Accident,local_authority_highway,E06000001,Hartlepool,
Accident,local_authority_highway,E06000002,Middlesbrough,
Accident,local_authority_highway,E06000003,Redcar and Cleveland,
Accident,local_authority_highway,E06000004,Stockton-on-Tees,
Accident,local_authority_highway,E06000005,Darlington,
Accident,local_authority_highway,E06000006,Halton,
Accident,local_authority_highway,E06000007,Warrington,
Accident,local_authority_highway,E06000008,Blackburn with Darwen,
Accident,local_authority_highway,E06000009,Blackpool,
Accident,local_authority_highway,E06000010,"Kingston upon Hull, City of",
Accident,local_authority_highway,E06000011,East Riding of Yorkshire,
Accident,local_authority_highway,E06000012,North East Lincolnshire,
Accident,local_authority_highway,E06000013,North Lincolnshire,
Accident,local_authority_highway,E06000014,York,
Accident,local_authority_highway,E06000015,Derby,
Accident,local_authority_highway,E06000016,Leicester,
Accident,local_authority_highway,E06000017,Rutland,
Accident,local_authority_highway,E06000018,Nottingham,
Accident,local_authority_highway,E06000019,"Herefordshire, County of ",
Accident,local_authority_highway,E06000020,Telford and Wrekin,
Accident,local_authority_highway,E06000021,Stoke-on-Trent,
Accident,local_authority_highway,E06000022,Bath and North East Somerset,
Accident,local_authority_highway,E06000023,"Bristol, City of",
Accident,local_authority_highway,E06000024,North Somerset,
Accident,local_authority_highway,E06000025,South Gloucestershire,
Accident,local_authority_highway,E06000026,Plymouth,
Accident,local_authority_highway,E06000027,Torbay,
Accident,local_authority_highway,E06000028,Bournemouth,
Accident,local_authority_highway,E06000029,Poole,
Accident,local_authority_highway,E06000030,Swindon,
Accident,local_authority_highway,E06000031,Peterborough,
Accident,local_authority_highway,E06000032,Luton,
Accident,local_authority_highway,E06000033,Southend-on-Sea,
Accident,local_authority_highway,E06000034,Thurrock,
Accident,local_authority_highway,E06000035,Medway,
Accident,local_authority_highway,E06000036,Bracknell Forest,
Accident,local_authority_highway,E06000037,West Berkshire,
Accident,local_authority_highway,E06000038,Reading,
Accident,local_authority_highway,E06000039,Slough,
Accident,local_authority_highway,E06000040,Windsor and Maidenhead,
Accident,local_authority_highway,E06000041,Wokingham,
Accident,local_authority_highway,E06000042,Milton Keynes,
Accident,local_authority_highway,E06000043,Brighton and Hove,
Accident,local_authority_highway,E06000044,Portsmouth,
Accident,local_authority_highway,E06000045,Southampton ,
Accident,local_authority_highway,E06000046,Isle of Wight,
Accident,local_authority_highway,E06000047,County Durham,
Accident,local_authority_highway,E06000048,Northumberland,
Accident,local_authority_highway,E06000049,Cheshire East,
Accident,local_authority_highway,E06000050,Cheshire West and Chester,
Accident,local_authority_highway,E06000051,Shropshire,
Accident,local_authority_highway,E06000052,Cornwall,
Accident,local_authority_highway,E06000053,Isles of Scilly,
Accident,local_authority_highway,E06000054,Wiltshire,
Accident,local_authority_highway,E06000055,Bedford,
Accident,local_authority_highway,E06000056,Central Bedfordshire,
Accident,local_authority_highway,E08000001,Bolton,
Accident,local_authority_highway,E08000002,Bury,
Accident,local_authority_highway,E08000003,Manchester,
Accident,local_authority_highway,E08000004,Oldham,
Accident,local_authority_highway,E08000005,Rochdale,
Accident,local_authority_highway,E08000006,Salford,
Accident,local_authority_highway,E08000007,Stockport,
Accident,local_authority_highway,E08000008,Tameside,
Accident,local_authority_highway,E08000009,Trafford,
Accident,local_authority_highway,E08000010,Wigan,
Accident,local_authority_highway,E08000011,Knowsley,
Accident,local_authority_highway,E08000012,Liverpool,
Accident,local_authority_highway,E08000013,St. Helens,
Accident,local_authority_highway,E08000014,Sefton,
Accident,local_authority_highway,E08000015,Wirral,
Accident,local_authority_highway,E08000016,Barnsley,
Accident,local_authority_highway,E08000017,Doncaster,
Accident,local_authority_highway,E08000018,Rotherham,
Accident,local_authority_highway,E08000019,Sheffield,
Accident,local_authority_highway,E08000020,Gateshead,
Accident,local_authority_highway,E08000021,Newcastle upon Tyne,
Accident,local_authority_highway,E08000022,North Tyneside,
Accident,local_authority_highway,E08000023,South Tyneside,
Accident,local_authority_highway,E08000024,Sunderland,
Accident,local_authority_highway,E08000025,Birmingham,
Accident,local_authority_highway,E08000026,Coventry,
Accident,local_authority_highway,E08000027,Dudley,
Accident,local_authority_highway,E08000028,Sandwell,
Accident,local_authority_highway,E08000029,Solihull,
Accident,local_authority_highway,E08000030,Walsall,
Accident,local_authority_highway,E08000031,Wolverhampton,
Accident,local_authority_highway,E08000032,Bradford,
Accident,local_authority_highway,E08000033,Calderdale,
Accident,local_authority_highway,E08000034,Kirklees,
Accident,local_authority_highway,E08000035,Leeds,
Accident,local_authority_highway,E08000036,Wakefield,
Accident,local_authority_highway,E09000001,City of London,
Accident,local_authority_highway,E09000002,Barking and Dagenham,
Accident,local_authority_highway,E09000003,Barnet,
Accident,local_authority_highway,E09000004,Bexley,
Accident,local_authority_highway,E09000005,Brent,
Accident,local_authority_highway,E09000006,Bromley,
Accident,local_authority_highway,E09000007,Camden,
Accident,local_authority_highway,E09000008,Croydon,
Accident,local_authority_highway,E09000009,Ealing,
Accident,local_authority_highway,E09000010,Enfield,
Accident,local_authority_highway,E09000011,Greenwich,
Accident,local_authority_highway,E09000012,Hackney,
Accident,local_authority_highway,E09000013,Hammersmith and Fulham,
Accident,local_authority_highway,E09000014,Haringey,
Accident,local_authority_highway,E09000015,Harrow,
Accident,local_authority_highway,E09000016,Havering,
Accident,local_authority_highway,E09000017,Hillingdon,
Accident,local_authority_highway,E09000018,Hounslow,
Accident,local_authority_highway,E09000019,Islington,
Accident,local_authority_highway,E09000020,Kensington and Chelsea,
Accident,local_authority_highway,E09000021,Kingston upon Thames,
Accident,local_authority_highway,E09000022,Lambeth,
Accident,local_authority_highway,E09000023,Lewisham,
Accident,local_authority_highway,E09000024,Merton,
Accident,local_authority_highway,E09000025,Newham,
Accident,local_authority_highway,E09000026,Redbridge,
Accident,local_authority_highway,E09000027,Richmond upon Thames,
Accident,local_authority_highway,E09000028,Southwark,
Accident,local_authority_highway,E09000029,Sutton,
Accident,local_authority_highway,E09000030,Tower Hamlets,
Accident,local_authority_highway,E09000031,Waltham Forest,
Accident,local_authority_highway,E09000032,Wandsworth,
Accident,local_authority_highway,E09000033,Westminster,
Accident,local_authority_highway,E10000002,Buckinghamshire,
Accident,local_authority_highway,E10000003,Cambridgeshire,
Accident,local_authority_highway,E10000006,Cumbria,
Accident,local_authority_highway,E10000007,Derbyshire,
Accident,local_authority_highway,E10000008,Devon,
Accident,local_authority_highway,E10000009,Dorset,
Accident,local_authority_highway,E10000011,East Sussex,
Accident,local_authority_highway,E10000012,Essex,
Accident,local_authority_highway,E10000013,Gloucestershire,
Accident,local_authority_highway,E10000014,Hampshire,
Accident,local_authority_highway,E10000015,Hertfordshire,
Accident,local_authority_highway,E10000016,Kent,
Accident,local_authority_highway,E10000017,Lancashire,
Accident,local_authority_highway,E10000018,Leicestershire,
Accident,local_authority_highway,E10000019,Lincolnshire,
Accident,local_authority_highway,E10000020,Norfolk,
Accident,local_authority_highway,E10000021,Northamptonshire,
Accident,local_authority_highway,E10000023,North Yorkshire,
Accident,local_authority_highway,E10000024,Nottinghamshire,
Accident,local_authority_highway,E10000025,Oxfordshire,
Accident,local_authority_highway,E10000027,Somerset,
Accident,local_authority_highway,E10000028,Staffordshire,
Accident,local_authority_highway,E10000029,Suffolk,
Accident,local_authority_highway,E10000030,Surrey,
Accident,local_authority_highway,E10000031,Warwickshire,
Accident,local_authority_highway,E10000032,West Sussex,
Accident,local_authority_highway,E10000034,Worcestershire,
Accident,local_authority_highway,EHEATHROW,London Airport (Heathrow),
Accident,local_authority_highway,S12000005,Clackmannanshire,
Accident,local_authority_highway,S12000006,Dumfries & Galloway,
Accident,local_authority_highway,S12000008,East Ayrshire,
Accident,local_authority_highway,S12000009,East Dunbartonshire,
Accident,local_authority_highway,S12000010,East Lothian,
Accident,local_authority_highway,S12000011,East Renfrewshire,
Accident,local_authority_highway,S12000013,Na h-Eileanan an Iar (Western Isles),
Accident,local_authority_highway,S12000014,Falkirk,
Accident,local_authority_highway,S12000015,Fife,
Accident,local_authority_highway,S12000017,Highland,
Accident,local_authority_highway,S12000018,Inverclyde,
Accident,local_authority_highway,S12000019,Midlothian,
Accident,local_authority_highway,S12000020,Moray,
Accident,local_authority_highway,S12000021,North Ayrshire,
Accident,local_authority_highway,S12000023,Orkney Islands,
Accident,local_authority_highway,S12000024,Perth and Kinross,
Accident,local_authority_highway,S12000026,Scottish Borders,
Accident,local_authority_highway,S12000027,Shetland Islands,
Accident,local_authority_highway,S12000028,South Ayrshire,
Accident,local_authority_highway,S12000029,South Lanarkshire,
Accident,local_authority_highway,S12000030,Stirling,
Accident,local_authority_highway,S12000033,Aberdeen City,
Accident,local_authority_highway,S12000034,Aberdeenshire,
Accident,local_authority_highway,S12000035,Argyll & Bute,
Accident,local_authority_highway,S12000036,"Edinburgh, City of",
Accident,local_authority_highway,S12000038,Renfrewshire,
Accident,local_authority_highway,S12000039,West Dunbartonshire,
Accident,local_authority_highway,S12000040,West Lothian,
Accident,local_authority_highway,S12000041,Angus,
Accident,local_authority_highway,S12000042,Dundee City,
Accident,local_authority_highway,S12000043,Glasgow City,
Accident,local_authority_highway,S12000044,North Lanarkshire,
Accident,local_authority_highway,W06000001,Isle of Anglesey,
Accident,local_authority_highway,W06000002,Gwynedd,
Accident,local_authority_highway,W06000003,Conwy,
Accident,local_authority_highway,W06000004,Denbighshire,
Accident,local_authority_highway,W06000005,Flintshire,
Accident,local_authority_highway,W06000006,Wrexham,
Accident,local_authority_highway,W06000008,Ceredigion,
Accident,local_authority_highway,W06000009,Pembrokeshire,
Accident,local_authority_highway,W06000010,Carmarthenshire,
Accident,local_authority_highway,W06000011,Swansea,
Accident,local_authority_highway,W06000012,Neath Port Talbot,
Accident,local_authority_highway,W06000013,Bridgend,
Accident,local_authority_highway,W06000014,The Vale of Glamorgan,
Accident,local_authority_highway,W06000015,Cardiff,
Accident,local_authority_highway,W06000016,"Rhondda, Cynon, Taff",
Accident,local_authority_highway,W06000018,Caerphilly,
Accident,local_authority_highway,W06000019,Blaenau Gwent,
Accident,local_authority_highway,W06000020,Torfaen,
Accident,local_authority_highway,W06000021,Monmouthshire,
Accident,local_authority_highway,W06000022,Newport,
Accident,local_authority_highway,W06000023,Powys,
Accident,local_authority_highway,W06000024,Merthyr Tydfil,
Accident,first_road_class,1,Motorway,
Accident,first_road_class,2,A(M),
Accident,first_road_class,3,A,
Accident,first_road_class,4,B,
Accident,first_road_class,5,C,
Accident,first_road_class,6,Unclassified,
Accident,first_road_number,1 to 9999,Number range,
Accident,first_road_number,-1,Unknown,
Accident,first_road_number,0,first_road_class is C or Unclassified. These roads do not have official numbers so recorded as zero ,
Accident,road_type,1,Roundabout,
Accident,road_type,2,One way street,
Accident,road_type,3,Dual carriageway,
Accident,road_type,6,Single carriageway,
Accident,road_type,7,Slip road,
Accident,road_type,9,Unknown,
Accident,road_type,12,One way street/Slip road,
Accident,road_type,-1,Data missing or out of range,
Accident,speed_limit,,,"20,30,40,50,60,70 are the only valid speed limits on public highways"
Accident,speed_limit,-1,Data missing or out of range,
Accident,speed_limit,99,unknown (self reported),
Accident,junction_detail,0,Not at junction or within 20 metres,
Accident,junction_detail,1,Roundabout,
Accident,junction_detail,2,Mini-roundabout,
Accident,junction_detail,3,T or staggered junction,
Accident,junction_detail,5,Slip road,
Accident,junction_detail,6,Crossroads,
Accident,junction_detail,7,More than 4 arms (not roundabout),
Accident,junction_detail,8,Private drive or entrance,
Accident,junction_detail,9,Other junction,
Accident,junction_detail,99,unknown (self reported),
Accident,junction_detail,-1,Data missing or out of range,
Accident,junction_control,0,Not at junction or within 20 metres,
Accident,junction_control,1,Authorised person,
Accident,junction_control,2,Auto traffic signal,
Accident,junction_control,3,Stop sign,
Accident,junction_control,4,Give way or uncontrolled,
Accident,junction_control,-1,Data missing or out of range,
Accident,junction_control,9,unknown (self reported),
Accident,second_road_class,0,Not at junction or within 20 metres,
Accident,second_road_class,1,Motorway,
Accident,second_road_class,2,A(M),
Accident,second_road_class,3,A,
Accident,second_road_class,4,B,
Accident,second_road_class,5,C,
Accident,second_road_class,6,Unclassified,
Accident,second_road_number,1 to 9999,Number range,
Accident,second_road_number,-1,Unknown,
Accident,second_road_number,0,first_road_class is C or Unclassified. These roads do not have official numbers so recorded as zero ,
Accident,pedestrian_crossing_human_control,0,None within 50 metres ,
Accident,pedestrian_crossing_human_control,1,Control by school crossing patrol,
Accident,pedestrian_crossing_human_control,2,Control by other authorised person,
Accident,pedestrian_crossing_human_control,-1,Data missing or out of range,
Accident,pedestrian_crossing_human_control,9,unknown (self reported),
Accident,pedestrian_crossing_physical_facilities,0,No physical crossing facilities within 50 metres,
Accident,pedestrian_crossing_physical_facilities,1,Zebra,
Accident,pedestrian_crossing_physical_facilities,4,"Pelican, puffin, toucan or similar non-junction pedestrian light crossing",
Accident,pedestrian_crossing_physical_facilities,5,Pedestrian phase at traffic signal junction,
Accident,pedestrian_crossing_physical_facilities,7,Footbridge or subway,
Accident,pedestrian_crossing_physical_facilities,8,Central refuge,
Accident,pedestrian_crossing_physical_facilities,-1,Data missing or out of range,
Accident,pedestrian_crossing_physical_facilities,9,unknown (self reported),
Accident,light_conditions,1,Daylight,
Accident,light_conditions,4,Darkness - lights lit,
Accident,light_conditions,5,Darkness - lights unlit,
Accident,light_conditions,6,Darkness - no lighting,
Accident,light_conditions,7,Darkness - lighting unknown,
Accident,light_conditions,-1,Data missing or out of range,
Accident,weather_conditions,1,Fine no high winds,
Accident,weather_conditions,2,Raining no high winds,
Accident,weather_conditions,3,Snowing no high winds,
Accident,weather_conditions,4,Fine + high winds,
Accident,weather_conditions,5,Raining + high winds,
Accident,weather_conditions,6,Snowing + high winds,
Accident,weather_conditions,7,Fog or mist,
Accident,weather_conditions,8,Other,
Accident,weather_conditions,9,Unknown,
Accident,weather_conditions,-1,Data missing or out of range,
Accident,road_surface_conditions,1,Dry,
Accident,road_surface_conditions,2,Wet or damp,
Accident,road_surface_conditions,3,Snow,
Accident,road_surface_conditions,4,Frost or ice,
Accident,road_surface_conditions,5,Flood over 3cm. deep,
Accident,road_surface_conditions,6,Oil or diesel,
Accident,road_surface_conditions,7,Mud,
Accident,road_surface_conditions,-1,Data missing or out of range,
Accident,road_surface_conditions,9,unknown (self reported),
Accident,special_conditions_at_site,0,None,
Accident,special_conditions_at_site,1,Auto traffic signal - out,
Accident,special_conditions_at_site,2,Auto signal part defective,
Accident,special_conditions_at_site,3,Road sign or marking defective or obscured,
Accident,special_conditions_at_site,4,Roadworks,
Accident,special_conditions_at_site,5,Road surface defective,
Accident,special_conditions_at_site,6,Oil or diesel,
Accident,special_conditions_at_site,7,Mud,
Accident,special_conditions_at_site,-1,Data missing or out of range,
Accident,special_conditions_at_site,9,unknown (self reported),
Accident,carriageway_hazards,0,None,
Accident,carriageway_hazards,1,Vehicle load on road,
Accident,carriageway_hazards,2,Other object on road,
Accident,carriageway_hazards,3,Previous accident,
Accident,carriageway_hazards,4,Dog on road,
Accident,carriageway_hazards,5,Other animal on road,
Accident,carriageway_hazards,6,Pedestrian in carriageway - not injured,
Accident,carriageway_hazards,7,Any animal in carriageway (except ridden horse),
Accident,carriageway_hazards,-1,Data missing or out of range,
Accident,carriageway_hazards,9,unknown (self reported),
Accident,urban_or_rural_area,1,Urban,field introduced in 1994
Accident,urban_or_rural_area,2,Rural,field introduced in 1994
Accident,urban_or_rural_area,3,Unallocated,field introduced in 1994
Accident,urban_or_rural_area,-1,Data missing or out of range,field introduced in 1994
Accident,did_police_officer_attend_scene_of_accident,1,Yes,
Accident,did_police_officer_attend_scene_of_accident,2,No,
Accident,did_police_officer_attend_scene_of_accident,3,No - accident was reported using a self completion  form (self rep only),
Accident,did_police_officer_attend_scene_of_accident,-1,Data missing or out of range,
Accident,trunk_road_flag,1,Trunk (Roads managed by Highways England),
Accident,trunk_road_flag,2,Non-trunk,
Accident,trunk_road_flag,-1,Data missing or out of range,
Accident,lsoa_of_accident_location,,,England and Wales only. See Office for National Statistics (ONS) guidance: https://www.ons.gov.uk/methodology/geography/ukgeographies/censusgeography
Vehicle,accident_index,,,unique value for each accident. The accident_index combines the accident_year and accident_ref_no to form a unique ID. It can be used to join to Vehicle and Casualty
Vehicle,accident_year,,,
Vehicle,accident_reference,,,"In year id used by the police to reference a collision. It is not unique outside of the year, use accident_index for linking to other years"
Vehicle,vehicle_reference,,,unique value for each vehicle in a singular accident. Can be used to join a Casualty to a vehicle
Vehicle,vehicle_type,1,Pedal cycle,
Vehicle,vehicle_type,2,Motorcycle 50cc and under,
Vehicle,vehicle_type,3,Motorcycle 125cc and under,category introduced in 1999 specification
Vehicle,vehicle_type,4,Motorcycle over 125cc and up to 500cc,category introduced in 2005 specification
Vehicle,vehicle_type,5,Motorcycle over 500cc,category introduced in 2005 specification
Vehicle,vehicle_type,8,Taxi/Private hire car,category introduced in 2005 specification
Vehicle,vehicle_type,9,Car,category introduced in 2005 specification
Vehicle,vehicle_type,10,Minibus (8 - 16 passenger seats),category introduced in 1999 specification
Vehicle,vehicle_type,11,Bus or coach (17 or more pass seats),
Vehicle,vehicle_type,16,Ridden horse,category introduced in 1999 specification
Vehicle,vehicle_type,17,Agricultural vehicle,category introduced in 1999 specification
Vehicle,vehicle_type,18,Tram,category introduced in 1999 specification
Vehicle,vehicle_type,19,Van / Goods 3.5 tonnes mgw or under,
Vehicle,vehicle_type,20,Goods over 3.5t. and under 7.5t,category introduced in 1999 specification
Vehicle,vehicle_type,21,Goods 7.5 tonnes mgw and over,category introduced in 1999 specification
Vehicle,vehicle_type,22,Mobility scooter,cateogry introduced in 2011 specification
Vehicle,vehicle_type,23,Electric motorcycle,cateogry introduced in 2011 specification
Vehicle,vehicle_type,90,Other vehicle,cateogry introduced in 2011 specification
Vehicle,vehicle_type,97,Motorcycle - unknown cc,cateogry introduced in 2011 specification
Vehicle,vehicle_type,98,Goods vehicle - unknown weight,cateogry introduced in 2011 specification
Vehicle,vehicle_type,99,Unknown vehicle type (self rep only),cateogry introduced in 2011 specification
Vehicle,vehicle_type,103,Motorcycle - Scooter (1979-1998),cateogory discontinued in 1999 specification
Vehicle,vehicle_type,104,Motorcycle (1979-1998),cateogory discontinued in 1999 specification
Vehicle,vehicle_type,105,Motorcycle - Combination (1979-1998),cateogory discontinued in 1999 specification
Vehicle,vehicle_type,106,Motorcycle over 125cc (1999-2004),cateogory discontinued in 2005 specification
Vehicle,vehicle_type,108,Taxi (excluding private hire cars) (1979-2004),cateogory discontinued in 2005 specification
Vehicle,vehicle_type,109,Car (including private hire cars) (1979-2004),cateogory discontinued in 2005 specification
Vehicle,vehicle_type,110,Minibus/Motor caravan (1979-1998),cateogory discontinued in 1999 specification
Vehicle,vehicle_type,113,Goods over 3.5 tonnes (1979-1998),cateogory discontinued in 1999 specification
Vehicle,vehicle_type,-1,Data missing or out of range,
Vehicle,towing_and_articulation,0,No tow/articulation,
Vehicle,towing_and_articulation,1,Articulated vehicle,
Vehicle,towing_and_articulation,2,Double or multiple trailer,
Vehicle,towing_and_articulation,3,Caravan,
Vehicle,towing_and_articulation,4,Single trailer,
Vehicle,towing_and_articulation,5,Other tow,
Vehicle,towing_and_articulation,9,unknown (self reported),
Vehicle,towing_and_articulation,-1,Data missing or out of range,
Vehicle,vehicle_manoeuvre,1,Reversing,
Vehicle,vehicle_manoeuvre,2,Parked,
Vehicle,vehicle_manoeuvre,3,Waiting to go - held up,
Vehicle,vehicle_manoeuvre,4,Slowing or stopping,
Vehicle,vehicle_manoeuvre,5,Moving off,
Vehicle,vehicle_manoeuvre,6,U-turn,
Vehicle,vehicle_manoeuvre,7,Turning left,
Vehicle,vehicle_manoeuvre,8,Waiting to turn left,
Vehicle,vehicle_manoeuvre,9,Turning right,
Vehicle,vehicle_manoeuvre,10,Waiting to turn right,
Vehicle,vehicle_manoeuvre,11,Changing lane to left,
Vehicle,vehicle_manoeuvre,12,Changing lane to right,
Vehicle,vehicle_manoeuvre,13,Overtaking moving vehicle - offside,
Vehicle,vehicle_manoeuvre,14,Overtaking static vehicle - offside,
Vehicle,vehicle_manoeuvre,15,Overtaking - nearside,
Vehicle,vehicle_manoeuvre,16,Going ahead left-hand bend,
Vehicle,vehicle_manoeuvre,17,Going ahead right-hand bend,
Vehicle,vehicle_manoeuvre,18,Going ahead other,
Vehicle,vehicle_manoeuvre,99,unknown (self reported),
Vehicle,vehicle_manoeuvre,-1,Data missing or out of range,
Vehicle,vehicle_direction_from,0,Parked,both vehicle_direction_from and vehicle_direction_to should be 0
Vehicle,vehicle_direction_from,1,North,
Vehicle,vehicle_direction_from,2,North East,
Vehicle,vehicle_direction_from,3,East,
Vehicle,vehicle_direction_from,4,South East,
Vehicle,vehicle_direction_from,5,South East,
Vehicle,vehicle_direction_from,6,South West,
Vehicle,vehicle_direction_from,7,West,
Vehicle,vehicle_direction_from,8,North West,
Vehicle,vehicle_direction_from,9,unknown (self reported),both vehicle_direction_from and vehicle_direction_to should be 9
Vehicle,vehicle_direction_to,0,Parked,both vehicle_direction_from and vehicle_direction_to should be 0
Vehicle,vehicle_direction_to,1,North,
Vehicle,vehicle_direction_to,2,North East,
Vehicle,vehicle_direction_to,3,East,
Vehicle,vehicle_direction_to,4,South East,
Vehicle,vehicle_direction_to,5,South East,
Vehicle,vehicle_direction_to,6,South West,
Vehicle,vehicle_direction_to,7,West,
Vehicle,vehicle_direction_to,8,North West,
Vehicle,vehicle_direction_to,9,unknown (self reported),both vehicle_direction_from and vehicle_direction_to should be 9
Vehicle,vehicle_location_restricted_lane,0,On main c'way - not in restricted lane,
Vehicle,vehicle_location_restricted_lane,1,Tram/Light rail track,
Vehicle,vehicle_location_restricted_lane,2,Bus lane,
Vehicle,vehicle_location_restricted_lane,3,Busway (including guided busway),
Vehicle,vehicle_location_restricted_lane,4,Cycle lane (on main carriageway),
Vehicle,vehicle_location_restricted_lane,5,Cycleway or shared use footway (not part of  main carriageway),
Vehicle,vehicle_location_restricted_lane,6,On lay-by or hard shoulder,
Vehicle,vehicle_location_restricted_lane,7,Entering lay-by or hard shoulder,
Vehicle,vehicle_location_restricted_lane,8,Leaving lay-by or hard shoulder,
Vehicle,vehicle_location_restricted_lane,9,Footway (pavement),
Vehicle,vehicle_location_restricted_lane,10,Not on carriageway,
Vehicle,vehicle_location_restricted_lane,99,unknown (self reported),
Vehicle,vehicle_location_restricted_lane,-1,Data missing or out of range,
Vehicle,junction_location,0,Not at or within 20 metres of junction,
Vehicle,junction_location,1,Approaching junction or waiting/parked at junction approach,
Vehicle,junction_location,2,Cleared junction or waiting/parked at junction exit,
Vehicle,junction_location,3,Leaving roundabout,
Vehicle,junction_location,4,Entering roundabout,
Vehicle,junction_location,5,Leaving main road,
Vehicle,junction_location,6,Entering main road,
Vehicle,junction_location,7,Entering from slip road,
Vehicle,junction_location,8,Mid Junction - on roundabout or on main road,
Vehicle,junction_location,9,unknown (self reported),
Vehicle,junction_location,-1,Data missing or out of range,
Vehicle,skidding_and_overturning,0,None,
Vehicle,skidding_and_overturning,1,Skidded,
Vehicle,skidding_and_overturning,2,Skidded and overturned,
Vehicle,skidding_and_overturning,3,Jackknifed,
Vehicle,skidding_and_overturning,4,Jackknifed and overturned,
Vehicle,skidding_and_overturning,5,Overturned,
Vehicle,skidding_and_overturning,9,unknown (self reported),
Vehicle,skidding_and_overturning,-1,Data missing or out of range,
Vehicle,hit_object_in_carriageway,0,None,
Vehicle,hit_object_in_carriageway,1,Previous accident,
Vehicle,hit_object_in_carriageway,2,Road works,
Vehicle,hit_object_in_carriageway,4,Parked vehicle,
Vehicle,hit_object_in_carriageway,5,Bridge (roof),
Vehicle,hit_object_in_carriageway,6,Bridge (side),
Vehicle,hit_object_in_carriageway,7,Bollard or refuge,
Vehicle,hit_object_in_carriageway,8,Open door of vehicle,
Vehicle,hit_object_in_carriageway,9,Central island of roundabout,
Vehicle,hit_object_in_carriageway,10,Kerb,
Vehicle,hit_object_in_carriageway,11,Other object,
Vehicle,hit_object_in_carriageway,12,Any animal (except ridden horse),
Vehicle,hit_object_in_carriageway,99,unknown (self reported),
Vehicle,hit_object_in_carriageway,-1,Data missing or out of range,
Vehicle,vehicle_leaving_carriageway,0,Did not leave carriageway,
Vehicle,vehicle_leaving_carriageway,1,Nearside,
Vehicle,vehicle_leaving_carriageway,2,Nearside and rebounded,
Vehicle,vehicle_leaving_carriageway,3,Straight ahead at junction,
Vehicle,vehicle_leaving_carriageway,4,Offside on to central reservation,
Vehicle,vehicle_leaving_carriageway,5,Offside on to centrl res + rebounded,
Vehicle,vehicle_leaving_carriageway,6,Offside - crossed central reservation,
Vehicle,vehicle_leaving_carriageway,7,Offside,
Vehicle,vehicle_leaving_carriageway,8,Offside and rebounded,
Vehicle,vehicle_leaving_carriageway,9,unknown (self reported),
Vehicle,vehicle_leaving_carriageway,-1,Data missing or out of range,
Vehicle,hit_object_off_carriageway,0,None,
Vehicle,hit_object_off_carriageway,1,Road sign or traffic signal,
Vehicle,hit_object_off_carriageway,2,Lamp post,
Vehicle,hit_object_off_carriageway,3,Telegraph or electricity pole,
Vehicle,hit_object_off_carriageway,4,Tree,
Vehicle,hit_object_off_carriageway,5,Bus stop or bus shelter,
Vehicle,hit_object_off_carriageway,6,Central crash barrier,
Vehicle,hit_object_off_carriageway,7,Near/Offside crash barrier,
Vehicle,hit_object_off_carriageway,8,Submerged in water,
Vehicle,hit_object_off_carriageway,9,Entered ditch,
Vehicle,hit_object_off_carriageway,10,Other permanent object,
Vehicle,hit_object_off_carriageway,11,Wall or fence,
Vehicle,hit_object_off_carriageway,99,unknown (self reported),
Vehicle,hit_object_off_carriageway,-1,Data missing or out of range,
Vehicle,first_point_of_impact,0,Did not impact,
Vehicle,first_point_of_impact,1,Front,
Vehicle,first_point_of_impact,2,Back,
Vehicle,first_point_of_impact,3,Offside,
Vehicle,first_point_of_impact,4,Nearside,
Vehicle,first_point_of_impact,9,unknown (self reported),
Vehicle,first_point_of_impact,-1,Data missing or out of range,
Vehicle,vehicle_left_hand_drive,1,No,
Vehicle,vehicle_left_hand_drive,2,Yes,
Vehicle,vehicle_left_hand_drive,9,Unknown,
Vehicle,vehicle_left_hand_drive,-1,Data missing or out of range,
Vehicle,journey_purpose_of_driver,1,Journey as part of work,
Vehicle,journey_purpose_of_driver,2,Commuting to/from work,
Vehicle,journey_purpose_of_driver,3,Taking pupil to/from school,
Vehicle,journey_purpose_of_driver,4,Pupil riding to/from school,
Vehicle,journey_purpose_of_driver,5,Other,
Vehicle,journey_purpose_of_driver,6,Not known,
Vehicle,journey_purpose_of_driver,15,Other/Not known,2005 specification only
Vehicle,journey_purpose_of_driver,-1,Data missing or out of range,
Vehicle,sex_of_driver,1,Male,
Vehicle,sex_of_driver,2,Female,
Vehicle,sex_of_driver,3,Not known,
Vehicle,sex_of_driver,-1,Data missing or out of range,
Vehicle,age_of_driver,,,
Vehicle,age_of_driver,-1,Data missing or out of range,
Vehicle,age_band_of_driver,1,0 - 5,
Vehicle,age_band_of_driver,2,6 - 10,
Vehicle,age_band_of_driver,3,11 - 15,
Vehicle,age_band_of_driver,4,16 - 20,
Vehicle,age_band_of_driver,5,21 - 25,
Vehicle,age_band_of_driver,6,26 - 35,
Vehicle,age_band_of_driver,7,36 - 45,
Vehicle,age_band_of_driver,8,46 - 55,
Vehicle,age_band_of_driver,9,56 - 65,
Vehicle,age_band_of_driver,10,66 - 75,
Vehicle,age_band_of_driver,11,Over 75,
Vehicle,age_band_of_driver,-1,Data missing or out of range,
Vehicle,engine_capacity_cc,,,
Vehicle,engine_capacity_cc,-1,Data missing or out of range,
Vehicle,propulsion_code,1,Petrol,
Vehicle,propulsion_code,2,Heavy oil,
Vehicle,propulsion_code,3,Electric,
Vehicle,propulsion_code,4,Steam,
Vehicle,propulsion_code,5,Gas,
Vehicle,propulsion_code,6,Petrol/Gas (LPG),
Vehicle,propulsion_code,7,Gas/Bi-fuel,
Vehicle,propulsion_code,8,Hybrid electric,
Vehicle,propulsion_code,9,Gas Diesel,
Vehicle,propulsion_code,10,New fuel technology,
Vehicle,propulsion_code,11,Fuel cells,
Vehicle,propulsion_code,12,Electric diesel,
Vehicle,propulsion_code,-1,Undefined,
Vehicle,age_of_vehicle,,,
Vehicle,generic_make_model,,,field introduced in 2020
Vehicle,generic_make_model,-1,Data missing or out of range,field introduced in 2020
Vehicle,driver_imd_decile,1,Most deprived 10%,field introduced in 2016
Vehicle,driver_imd_decile,2,More deprived 10-20%,field introduced in 2016
Vehicle,driver_imd_decile,3,More deprived 20-30%,field introduced in 2016
Vehicle,driver_imd_decile,4,More deprived 30-40%,field introduced in 2016
Vehicle,driver_imd_decile,5,More deprived 40-50%,field introduced in 2016
Vehicle,driver_imd_decile,6,Less deprived 40-50%,field introduced in 2016
Vehicle,driver_imd_decile,7,Less deprived 30-40%,field introduced in 2016
Vehicle,driver_imd_decile,8,Less deprived 20-30%,field introduced in 2016
Vehicle,driver_imd_decile,9,Less deprived 10-20%,field introduced in 2016
Vehicle,driver_imd_decile,10,Least deprived 10%,field introduced in 2016
Vehicle,driver_imd_decile,-1,Data missing or out of range,field introduced in 2016
Vehicle,driver_home_area_type,1,Urban area,field introduced in 1999
Vehicle,driver_home_area_type,2,Small town,field introduced in 1999
Vehicle,driver_home_area_type,3,Rural,field introduced in 1999
Vehicle,driver_home_area_type,-1,Data missing or out of range,field introduced in 1999
e_scooter,accident_index,,,unique value for each accident. The accident_index combines the accident_year and accident_ref_no to form a unique ID. It can be used to join to Vehicle and Casualty
e_scooter,accident_year,,,
e_scooter,accident_reference,,,"In year id used by the police to reference a collision. It is not unique outside of the year, use accident_index for linking to other years"
e_scooter,vehicle_reference,,,unique value for each vehicle in a singular accident. Can be used to join a Casualty to a vehicle
e_scooter,vehicle_type,90,Other vehicle,cateogry introduced in 2011 specification
e_scooter,vehicle_text,,vehicle_text in e scooter export,
Casualty,accident_index,,,unique value for each accident. The accident_index combines the accident_year and accident_ref_no to form a unique ID. It can be used to join to Vehicle and Casualty
Casualty,accident_year,,,
Casualty,accident_reference,,,"In year id used by the police to reference a collision. It is not unique outside of the year, use accident_index for linking to other years"
Casualty,vehicle_reference,,,unique value for each vehicle in a singular accident. Can be used to join a Casualty to a vehicle
Casualty,casualty_reference,,,unique value for each casualty in a singular accident (historical years may be unique to a singular vehicle in a road accident)
Casualty,casualty_class,1,Driver or rider,
Casualty,casualty_class,2,Passenger,
Casualty,casualty_class,3,Pedestrian,
Casualty,sex_of_casualty,1,Male,
Casualty,sex_of_casualty,2,Female,
Casualty,sex_of_casualty,9,unknown (self reported),
Casualty,sex_of_casualty,-1,Data missing or out of range,
Casualty,age_of_casualty,,,
Casualty,age_of_casualty,-1,Data missing or out of range,
Casualty,age_band_of_casualty,1,0 - 5,
Casualty,age_band_of_casualty,2,6 - 10,
Casualty,age_band_of_casualty,3,11 - 15,
Casualty,age_band_of_casualty,4,16 - 20,
Casualty,age_band_of_casualty,5,21 - 25,
Casualty,age_band_of_casualty,6,26 - 35,
Casualty,age_band_of_casualty,7,36 - 45,
Casualty,age_band_of_casualty,8,46 - 55,
Casualty,age_band_of_casualty,9,56 - 65,
Casualty,age_band_of_casualty,10,66 - 75,
Casualty,age_band_of_casualty,11,Over 75,
Casualty,age_band_of_casualty,-1,Data missing or out of range,
Casualty,casualty_severity,1,Fatal,
Casualty,casualty_severity,2,Serious,
Casualty,casualty_severity,3,Slight,
Casualty,pedestrian_location,0,Not a Pedestrian,
Casualty,pedestrian_location,1,Crossing on pedestrian crossing facility,
Casualty,pedestrian_location,2,Crossing in zig-zag approach lines,
Casualty,pedestrian_location,3,Crossing in zig-zag exit lines,
Casualty,pedestrian_location,4,Crossing elsewhere within 50m. of pedestrian crossing,
Casualty,pedestrian_location,5,"In carriageway, crossing elsewhere",
Casualty,pedestrian_location,6,On footway or verge,
Casualty,pedestrian_location,7,"On refuge, central island or central reservation",
Casualty,pedestrian_location,8,"In centre of carriageway - not on refuge, island or central reservation",
Casualty,pedestrian_location,9,"In carriageway, not crossing",
Casualty,pedestrian_location,10,Unknown or other,
Casualty,pedestrian_location,-1,Data missing or out of range,
Casualty,pedestrian_movement,0,Not a Pedestrian,
Casualty,pedestrian_movement,1,Crossing from driver's nearside,
Casualty,pedestrian_movement,2,Crossing from nearside - masked by parked or stationary vehicle,
Casualty,pedestrian_movement,3,Crossing from driver's offside,
Casualty,pedestrian_movement,4,Crossing from offside - masked by  parked or stationary vehicle,
Casualty,pedestrian_movement,5,"In carriageway, stationary - not crossing  (standing or playing)",
Casualty,pedestrian_movement,6,"In carriageway, stationary - not crossing  (standing or playing) - masked by parked or stationary vehicle",
Casualty,pedestrian_movement,7,"Walking along in carriageway, facing traffic",
Casualty,pedestrian_movement,8,"Walking along in carriageway, back to traffic",
Casualty,pedestrian_movement,9,Unknown or other,
Casualty,pedestrian_movement,-1,Data missing or out of range,
Casualty,car_passenger,0,Not car passenger,
Casualty,car_passenger,1,Front seat passenger,
Casualty,car_passenger,2,Rear seat passenger,
Casualty,car_passenger,9,unknown (self reported),
Casualty,car_passenger,-1,Data missing or out of range,
Casualty,bus_or_coach_passenger,0,Not a bus or coach passenger,
Casualty,bus_or_coach_passenger,1,Boarding,
Casualty,bus_or_coach_passenger,2,Alighting,
Casualty,bus_or_coach_passenger,3,Standing passenger,
Casualty,bus_or_coach_passenger,4,Seated passenger,
Casualty,bus_or_coach_passenger,9,unknown (self reported),
Casualty,bus_or_coach_passenger,-1,Data missing or out of range,
Casualty,pedestrian_road_maintenance_worker,0,No / Not applicable,
Casualty,pedestrian_road_maintenance_worker,1,Yes,
Casualty,pedestrian_road_maintenance_worker,2,Not Known,
Casualty,pedestrian_road_maintenance_worker,3,Probable,2005 specification only
Casualty,pedestrian_road_maintenance_worker,-1,Data missing or out of range,
Casualty,casualty_type,0,Pedestrian,
Casualty,casualty_type,1,Cyclist,
Casualty,casualty_type,2,Motorcycle 50cc and under rider or passenger,
Casualty,casualty_type,3,Motorcycle 125cc and under rider or passenger,introduced in 1999 specification
Casualty,casualty_type,4,Motorcycle over 125cc and up to 500cc rider or  passenger,introduced in 2005 specification
Casualty,casualty_type,5,Motorcycle over 500cc rider or passenger,introduced in 2005 specification
Casualty,casualty_type,8,Taxi/Private hire car occupant,introduced in 2005 specification
Casualty,casualty_type,9,Car occupant,introduced in 2005 specification
Casualty,casualty_type,10,Minibus (8 - 16 passenger seats) occupant,introduced in 1999 specification
Casualty,casualty_type,11,Bus or coach occupant (17 or more pass seats),
Casualty,casualty_type,16,Horse rider,introduced in 1999 specification
Casualty,casualty_type,17,Agricultural vehicle occupant,introduced in 1999 specification
Casualty,casualty_type,18,Tram occupant,introduced in 1999 specification
Casualty,casualty_type,19,Van / Goods vehicle (3.5 tonnes mgw or under) occupant,
Casualty,casualty_type,20,Goods vehicle (over 3.5t. and under 7.5t.) occupant,introduced in 1999 specification
Casualty,casualty_type,21,Goods vehicle (7.5 tonnes mgw and over) occupant,introduced in 1999 specification
Casualty,casualty_type,22,Mobility scooter rider,introduced in 2011 specification
Casualty,casualty_type,23,Electric motorcycle rider or passenger,introduced in 2011 specification
Casualty,casualty_type,90,Other vehicle occupant,introduced in 2011 specification
Casualty,casualty_type,97,Motorcycle - unknown cc rider or passenger,introduced in 2011 specification
Casualty,casualty_type,98,Goods vehicle (unknown weight) occupant,introduced in 2011 specification
Casualty,casualty_type,99,Unknown vehicle type (self rep only),introduced in 2011 specification
Casualty,casualty_type,103,Motorcycle - Scooter (1979-1998),dropped in 1999 specification
Casualty,casualty_type,104,Motorcycle (1979-1998),dropped in 1999 specification
Casualty,casualty_type,105,Motorcycle - Combination (1979-1998),dropped in 1999 specification
Casualty,casualty_type,106,Motorcycle over 125cc (1999-2004),dropped in 2005 specification
Casualty,casualty_type,108,Taxi (excluding private hire cars) (1979-2004),dropped in 2005 specification
Casualty,casualty_type,109,Car (including private hire cars) (1979-2004),dropped in 2005 specification
Casualty,casualty_type,110,Minibus/Motor caravan (1979-1998),dropped in 1999 specification
Casualty,casualty_type,113,Goods over 3.5 tonnes (1979-1998),dropped in 1999 specification
Casualty,casualty_imd_decile,1,Most deprived 10%,field introduced in 2016
Casualty,casualty_imd_decile,2,More deprived 10-20%,field introduced in 2016
Casualty,casualty_imd_decile,3,More deprived 20-30%,field introduced in 2016
Casualty,casualty_imd_decile,4,More deprived 30-40%,field introduced in 2016
Casualty,casualty_imd_decile,5,More deprived 40-50%,field introduced in 2016
Casualty,casualty_imd_decile,6,Less deprived 40-50%,field introduced in 2016
Casualty,casualty_imd_decile,7,Less deprived 30-40%,field introduced in 2016
Casualty,casualty_imd_decile,8,Less deprived 20-30%,field introduced in 2016
Casualty,casualty_imd_decile,9,Less deprived 10-20%,field introduced in 2016
Casualty,casualty_imd_decile,10,Least deprived 10%,field introduced in 2016
Casualty,casualty_imd_decile,-1,Data missing or out of range,field introduced in 2016
Casualty,casualty_home_area_type,1,Urban area,field introduced in 1999
Casualty,casualty_home_area_type,2,Small town,field introduced in 1999
Casualty,casualty_home_area_type,3,Rural,field introduced in 1999
Casualty,casualty_home_area_type,-1,Data missing or out of range,field introduced in 1999